{
  "Name": "SpeakerObjects",
  "Version": "1.1.1.0",
  "Factory Info": {
    "Vendor": "suzumushi",
    "URL": "https://suzumushi0.hatenablog.com",
    "E-Mail": "mailto:suzumushi9@gmail.com",
    "Flags": {
      "Unicode": true,
      "Classes Discardable": false,
      "Component Non Discardable": false,
    },
  },
  "Classes": [
    {
      "CID": "822E8DBB607552E28CD8B2DC4261C8D7",
      "Category": "Audio Module Class",
      "Name": "SpeakerObjects",
      "Vendor": "suzumushi",
      "Version": "1.1.1.0",
      "SDKVersion": "VST 3.7.10",
      "Sub Categories": [
        "Fx",
      ],
      "Class Flags": 1,
      "Cardinality": 2147483647,
      "Snapshots": [
        {
          "Scale Factor": 1,
          "Path": "Contents/Resources/Snapshots/822E8DBB607552E28CD8B2DC4261C8D7_snapshot.png",
        },
        {
          "Scale Factor": 2,
          "Path": "Contents/Resources/Snapshots/822E8DBB607552E28CD8B2DC4261C8D7_snapshot_2.0x.png",
        },
      ],
    },
    {
      "CID": "99E89CB2E7FD5A3DB8702BFA820EFCDF",
      "Category": "Component Controller Class",
      "Name": "SpeakerObjectsController",
      "Vendor": "suzumushi",
      "Version": "1.1.1.0",
      "SDKVersion": "VST 3.7.10",
      "Class Flags": 0,
      "Cardinality": 2147483647,
      "Snapshots": [
      ],
    },
  ],
}